name,x,z,base,overlay,blend
dawn_center,120.0000,390.0000,0,1,255
dawn_player_start,120.0000,405.0000,0,1,255
dawn_lagoon,88.0000,404.0000,0,1,0
dawn_north_spit,120.0000,348.0000,0,1,255
forest_center,120.0000,135.0000,2,3,177
forest_west_pool,98.0000,128.0000,2,3,26
forest_east_pool,137.0000,153.0000,2,3,85
cliffs_center,385.0000,390.0000,4,5,73
cliffs_ridge,408.0000,378.0000,4,5,91
cliffs_cave_headland,344.0000,390.0000,4,5,37
volcano_center,385.0000,130.0000,6,7,154
volcano_crater_rim,385.0000,155.0000,6,7,108
reef_south,120.0000,210.0000,0,0,0
reef_middle,120.0000,265.0000,0,0,0
reef_north,120.0000,320.0000,0,1,36
cave_entry,176.0000,390.0000,0,1,255
cave_exit,329.0000,390.0000,4,5,75
bridge_start,190.0000,135.0000,2,3,123
bridge_end,310.0000,135.0000,6,7,115
ruins_start,385.0000,315.0000,4,5,35
ruins_end,385.0000,200.0000,6,7,81
open_sea,256.0000,256.0000,0,0,0
corner_origin,0.0000,0.0000,0,0,0
corner_far,512.0000,512.0000,0,0,0
grid,0.0000,0.0000,0,0,0
grid,16.0000,0.0000,0,0,0
grid,32.0000,0.0000,0,0,0
grid,48.0000,0.0000,0,0,0
grid,64.0000,0.0000,0,0,0
grid,80.0000,0.0000,0,0,0
grid,96.0000,0.0000,0,0,0
grid,112.0000,0.0000,0,0,0
grid,128.0000,0.0000,0,0,0
grid,144.0000,0.0000,0,0,0
grid,160.0000,0.0000,0,0,0
grid,176.0000,0.0000,0,0,0
grid,192.0000,0.0000,0,0,0
grid,208.0000,0.0000,0,0,0
grid,224.0000,0.0000,0,0,0
grid,240.0000,0.0000,0,0,0
grid,256.0000,0.0000,0,0,0
grid,272.0000,0.0000,0,0,0
grid,288.0000,0.0000,0,0,0
grid,304.0000,0.0000,0,0,0
grid,320.0000,0.0000,0,0,0
grid,336.0000,0.0000,0,0,0
grid,352.0000,0.0000,0,0,0
grid,368.0000,0.0000,0,0,0
grid,384.0000,0.0000,0,0,0
grid,400.0000,0.0000,0,0,0
grid,416.0000,0.0000,0,0,0
grid,432.0000,0.0000,0,0,0
grid,448.0000,0.0000,0,0,0
grid,464.0000,0.0000,0,0,0
grid,480.0000,0.0000,0,0,0
grid,496.0000,0.0000,0,0,0
grid,512.0000,0.0000,0,0,0
grid,0.0000,16.0000,0,0,0
grid,16.0000,16.0000,0,0,0
grid,32.0000,16.0000,0,0,0
grid,48.0000,16.0000,0,0,0
grid,64.0000,16.0000,0,0,0
grid,80.0000,16.0000,0,0,0
grid,96.0000,16.0000,0,0,0
grid,112.0000,16.0000,0,0,0
grid,128.0000,16.0000,0,0,0
grid,144.0000,16.0000,0,0,0
grid,160.0000,16.0000,0,0,0
grid,176.0000,16.0000,0,0,0
grid,192.0000,16.0000,0,0,0
grid,208.0000,16.0000,0,0,0
grid,224.0000,16.0000,0,0,0
grid,240.0000,16.0000,0,0,0
grid,256.0000,16.0000,0,0,0
grid,272.0000,16.0000,0,0,0
grid,288.0000,16.0000,0,0,0
grid,304.0000,16.0000,0,0,0
grid,320.0000,16.0000,0,0,0
grid,336.0000,16.0000,0,0,0
grid,352.0000,16.0000,0,0,0
grid,368.0000,16.0000,0,0,0
grid,384.0000,16.0000,0,0,0
grid,400.0000,16.0000,0,0,0
grid,416.0000,16.0000,0,0,0
grid,432.0000,16.0000,0,0,0
grid,448.0000,16.0000,0,0,0
grid,464.0000,16.0000,0,0,0
grid,480.0000,16.0000,0,0,0
grid,496.0000,16.0000,0,0,0
grid,512.0000,16.0000,0,0,0
grid,0.0000,32.0000,0,0,0
grid,16.0000,32.0000,0,0,0
grid,32.0000,32.0000,0,0,0
grid,48.0000,32.0000,0,0,0
grid,64.0000,32.0000,0,0,0
grid,80.0000,32.0000,0,0,0
grid,96.0000,32.0000,0,0,0
grid,112.0000,32.0000,0,0,0
grid,128.0000,32.0000,0,0,0
grid,144.0000,32.0000,0,0,0
grid,160.0000,32.0000,0,0,0
grid,176.0000,32.0000,0,0,0
grid,192.0000,32.0000,0,0,0
grid,208.0000,32.0000,0,0,0
grid,224.0000,32.0000,0,0,0
grid,240.0000,32.0000,0,0,0
grid,256.0000,32.0000,0,0,0
grid,272.0000,32.0000,0,0,0
grid,288.0000,32.0000,0,0,0
grid,304.0000,32.0000,0,0,0
grid,320.0000,32.0000,0,0,0
grid,336.0000,32.0000,0,0,0
grid,352.0000,32.0000,0,0,0
grid,368.0000,32.0000,0,0,0
grid,384.0000,32.0000,0,0,0
grid,400.0000,32.0000,0,0,0
grid,416.0000,32.0000,0,0,0
grid,432.0000,32.0000,0,0,0
grid,448.0000,32.0000,0,0,0
grid,464.0000,32.0000,0,0,0
grid,480.0000,32.0000,0,0,0
grid,496.0000,32.0000,0,0,0
grid,512.0000,32.0000,0,0,0
grid,0.0000,48.0000,0,0,0
grid,16.0000,48.0000,0,0,0
grid,32.0000,48.0000,0,0,0
grid,48.0000,48.0000,0,0,0
grid,64.0000,48.0000,0,0,0
grid,80.0000,48.0000,0,0,0
grid,96.0000,48.0000,0,0,0
grid,112.0000,48.0000,0,0,0
grid,128.0000,48.0000,0,0,0
grid,144.0000,48.0000,0,0,0
grid,160.0000,48.0000,0,0,0
grid,176.0000,48.0000,0,0,0
grid,192.0000,48.0000,0,0,0
grid,208.0000,48.0000,0,0,0
grid,224.0000,48.0000,0,0,0
grid,240.0000,48.0000,0,0,0
grid,256.0000,48.0000,0,0,0
grid,272.0000,48.0000,0,0,0
grid,288.0000,48.0000,0,0,0
grid,304.0000,48.0000,0,0,0
grid,320.0000,48.0000,0,0,0
grid,336.0000,48.0000,0,0,0
grid,352.0000,48.0000,0,0,0
grid,368.0000,48.0000,0,0,0
grid,384.0000,48.0000,0,0,0
grid,400.0000,48.0000,0,0,0
grid,416.0000,48.0000,0,0,0
grid,432.0000,48.0000,0,0,0
grid,448.0000,48.0000,0,0,0
grid,464.0000,48.0000,0,0,0
grid,480.0000,48.0000,0,0,0
grid,496.0000,48.0000,0,0,0
grid,512.0000,48.0000,0,0,0
grid,0.0000,64.0000,0,0,0
grid,16.0000,64.0000,0,0,0
grid,32.0000,64.0000,0,0,0
grid,48.0000,64.0000,0,0,0
grid,64.0000,64.0000,0,0,0
grid,80.0000,64.0000,0,0,0
grid,96.0000,64.0000,0,0,0
grid,112.0000,64.0000,0,0,0
grid,128.0000,64.0000,0,0,0
grid,144.0000,64.0000,0,0,0
grid,160.0000,64.0000,0,0,0
grid,176.0000,64.0000,0,0,0
grid,192.0000,64.0000,0,0,0
grid,208.0000,64.0000,0,0,0
grid,224.0000,64.0000,0,0,0
grid,240.0000,64.0000,0,0,0
grid,256.0000,64.0000,0,0,0
grid,272.0000,64.0000,0,0,0
grid,288.0000,64.0000,0,0,0
grid,304.0000,64.0000,0,0,0
grid,320.0000,64.0000,0,0,0
grid,336.0000,64.0000,0,0,0
grid,352.0000,64.0000,0,0,0
grid,368.0000,64.0000,0,0,0
grid,384.0000,64.0000,0,0,0
grid,400.0000,64.0000,0,0,0
grid,416.0000,64.0000,0,0,0
grid,432.0000,64.0000,0,0,0
grid,448.0000,64.0000,0,0,0
grid,464.0000,64.0000,0,0,0
grid,480.0000,64.0000,0,0,0
grid,496.0000,64.0000,0,0,0
grid,512.0000,64.0000,0,0,0
grid,0.0000,80.0000,0,0,0
grid,16.0000,80.0000,0,0,0
grid,32.0000,80.0000,0,0,0
grid,48.0000,80.0000,0,0,0
grid,64.0000,80.0000,0,0,0
grid,80.0000,80.0000,2,3,0
grid,96.0000,80.0000,2,3,0
grid,112.0000,80.0000,0,0,0
grid,128.0000,80.0000,0,0,0
grid,144.0000,80.0000,0,0,0
grid,160.0000,80.0000,0,0,0
grid,176.0000,80.0000,0,0,0
grid,192.0000,80.0000,0,0,0
grid,208.0000,80.0000,0,0,0
grid,224.0000,80.0000,0,0,0
grid,240.0000,80.0000,0,0,0
grid,256.0000,80.0000,0,0,0
grid,272.0000,80.0000,0,0,0
grid,288.0000,80.0000,0,0,0
grid,304.0000,80.0000,0,0,0
grid,320.0000,80.0000,0,0,0
grid,336.0000,80.0000,6,7,142
grid,352.0000,80.0000,6,7,137
grid,368.0000,80.0000,6,7,96
grid,384.0000,80.0000,6,7,170
grid,400.0000,80.0000,0,0,0
grid,416.0000,80.0000,6,7,151
grid,432.0000,80.0000,6,7,127
grid,448.0000,80.0000,6,7,104
grid,464.0000,80.0000,0,0,0
grid,480.0000,80.0000,0,0,0
grid,496.0000,80.0000,0,0,0
grid,512.0000,80.0000,0,0,0
grid,0.0000,96.0000,0,0,0
grid,16.0000,96.0000,0,0,0
grid,32.0000,96.0000,0,0,0
grid,48.0000,96.0000,0,0,0
grid,64.0000,96.0000,2,3,5
grid,80.0000,96.0000,2,3,158
grid,96.0000,96.0000,2,3,196
grid,112.0000,96.0000,2,3,106
grid,128.0000,96.0000,2,3,129
grid,144.0000,96.0000,2,3,163
grid,160.0000,96.0000,2,3,0
grid,176.0000,96.0000,2,3,0
grid,192.0000,96.0000,0,0,0
grid,208.0000,96.0000,0,0,0
grid,224.0000,96.0000,0,0,0
grid,240.0000,96.0000,0,0,0
grid,256.0000,96.0000,0,0,0
grid,272.0000,96.0000,0,0,0
grid,288.0000,96.0000,0,0,0
grid,304.0000,96.0000,0,0,0
grid,320.0000,96.0000,6,7,189
grid,336.0000,96.0000,6,7,101
grid,352.0000,96.0000,6,7,110
grid,368.0000,96.0000,6,7,183
grid,384.0000,96.0000,6,7,53
grid,400.0000,96.0000,6,7,198
grid,416.0000,96.0000,6,7,85
grid,432.0000,96.0000,6,7,128
grid,448.0000,96.0000,6,7,169
grid,464.0000,96.0000,6,7,58
grid,480.0000,96.0000,0,0,0
grid,496.0000,96.0000,0,0,0
grid,512.0000,96.0000,0,0,0
grid,0.0000,112.0000,0,0,0
grid,16.0000,112.0000,0,0,0
grid,32.0000,112.0000,0,0,0
grid,48.0000,112.0000,0,0,0
grid,64.0000,112.0000,2,3,156
grid,80.0000,112.0000,2,3,146
grid,96.0000,112.0000,2,3,138
grid,112.0000,112.0000,2,3,157
grid,128.0000,112.0000,2,3,152
grid,144.0000,112.0000,2,3,112
grid,160.0000,112.0000,2,3,152
grid,176.0000,112.0000,2,3,157
grid,192.0000,112.0000,2,3,0
grid,208.0000,112.0000,0,0,0
grid,224.0000,112.0000,0,0,0
grid,240.0000,112.0000,0,0,0
grid,256.0000,112.0000,0,0,0
grid,272.0000,112.0000,0,0,0
grid,288.0000,112.0000,0,0,0
grid,304.0000,112.0000,6,7,159
grid,320.0000,112.0000,6,7,102
grid,336.0000,112.0000,6,7,138
grid,352.0000,112.0000,6,7,135
grid,368.0000,112.0000,6,7,105
grid,384.0000,112.0000,6,7,158
grid,400.0000,112.0000,6,7,99
grid,416.0000,112.0000,6,7,145
grid,432.0000,112.0000,6,7,127
grid,448.0000,112.0000,6,7,110
grid,464.0000,112.0000,0,0,0
grid,480.0000,112.0000,0,0,0
grid,496.0000,112.0000,0,0,0
grid,512.0000,112.0000,0,0,0
grid,0.0000,128.0000,0,0,0
grid,16.0000,128.0000,0,0,0
grid,32.0000,128.0000,0,0,0
grid,48.0000,128.0000,0,0,0
grid,64.0000,128.0000,2,3,161
grid,80.0000,128.0000,2,3,138
grid,96.0000,128.0000,2,3,26
grid,112.0000,128.0000,2,3,190
grid,128.0000,128.0000,2,3,159
grid,144.0000,128.0000,2,3,93
grid,160.0000,128.0000,2,3,167
grid,176.0000,128.0000,2,3,190
grid,192.0000,128.0000,2,3,43
grid,208.0000,128.0000,0,0,0
grid,224.0000,128.0000,0,0,0
grid,240.0000,128.0000,0,0,0
grid,256.0000,128.0000,0,0,0
grid,272.0000,128.0000,0,0,0
grid,288.0000,128.0000,0,0,0
grid,304.0000,128.0000,6,7,173
grid,320.0000,128.0000,6,7,91
grid,336.0000,128.0000,6,7,143
grid,352.0000,128.0000,6,7,138
grid,368.0000,128.0000,6,7,94
grid,384.0000,128.0000,6,7,172
grid,400.0000,128.0000,6,7,86
grid,416.0000,128.0000,6,7,153
grid,432.0000,128.0000,6,7,127
grid,448.0000,128.0000,6,7,103
grid,464.0000,128.0000,0,0,0
grid,480.0000,128.0000,0,0,0
grid,496.0000,128.0000,0,0,0
grid,512.0000,128.0000,0,0,0
grid,0.0000,144.0000,0,0,0
grid,16.0000,144.0000,0,0,0
grid,32.0000,144.0000,0,0,0
grid,48.0000,144.0000,0,0,0
grid,64.0000,144.0000,2,3,134
grid,80.0000,144.0000,2,3,150
grid,96.0000,144.0000,2,3,129
grid,112.0000,144.0000,2,3,137
grid,128.0000,144.0000,2,3,143
grid,144.0000,144.0000,2,3,162
grid,160.0000,144.0000,2,3,143
grid,176.0000,144.0000,2,3,137
grid,192.0000,144.0000,2,3,17
grid,208.0000,144.0000,0,0,0
grid,224.0000,144.0000,0,0,0
grid,240.0000,144.0000,0,0,0
grid,256.0000,144.0000,0,0,0
grid,272.0000,144.0000,0,0,0
grid,288.0000,144.0000,0,0,0
grid,304.0000,144.0000,0,0,0
grid,320.0000,144.0000,6,7,189
grid,336.0000,144.0000,6,7,101
grid,352.0000,144.0000,6,7,110
grid,368.0000,144.0000,6,7,182
grid,384.0000,144.0000,6,7,53
grid,400.0000,144.0000,6,7,197
grid,416.0000,144.0000,6,7,86
grid,432.0000,144.0000,6,7,128
grid,448.0000,144.0000,0,0,0
grid,464.0000,144.0000,0,0,0
grid,480.0000,144.0000,0,0,0
grid,496.0000,144.0000,0,0,0
grid,512.0000,144.0000,0,0,0
grid,0.0000,160.0000,0,0,0
grid,16.0000,160.0000,0,0,0
grid,32.0000,160.0000,0,0,0
grid,48.0000,160.0000,0,0,0
grid,64.0000,160.0000,2,3,95
grid,80.0000,160.0000,2,3,157
grid,96.0000,160.0000,2,3,194
grid,112.0000,160.0000,2,3,107
grid,128.0000,160.0000,2,3,130
grid,144.0000,160.0000,2,3,198
grid,160.0000,160.0000,2,3,129
grid,176.0000,160.0000,2,3,0
grid,192.0000,160.0000,0,0,0
grid,208.0000,160.0000,0,0,0
grid,224.0000,160.0000,0,0,0
grid,240.0000,160.0000,0,0,0
grid,256.0000,160.0000,0,0,0
grid,272.0000,160.0000,0,0,0
grid,288.0000,160.0000,0,0,0
grid,304.0000,160.0000,0,0,0
grid,320.0000,160.0000,0,0,0
grid,336.0000,160.0000,0,0,0
grid,352.0000,160.0000,6,7,134
grid,368.0000,160.0000,6,7,107
grid,384.0000,160.0000,6,7,155
grid,400.0000,160.0000,6,7,101
grid,416.0000,160.0000,6,7,143
grid,432.0000,160.0000,6,7,127
grid,448.0000,160.0000,0,0,0
grid,464.0000,160.0000,0,0,0
grid,480.0000,160.0000,0,0,0
grid,496.0000,160.0000,0,0,0
grid,512.0000,160.0000,0,0,0
grid,0.0000,176.0000,0,0,0
grid,16.0000,176.0000,0,0,0
grid,32.0000,176.0000,0,0,0
grid,48.0000,176.0000,0,0,0
grid,64.0000,176.0000,2,3,0
grid,80.0000,176.0000,2,3,145
grid,96.0000,176.0000,2,3,133
grid,112.0000,176.0000,2,3,161
grid,128.0000,176.0000,2,3,154
grid,144.0000,176.0000,2,3,130
grid,160.0000,176.0000,2,3,106
grid,176.0000,176.0000,0,0,0
grid,192.0000,176.0000,0,0,0
grid,208.0000,176.0000,0,0,0
grid,224.0000,176.0000,0,0,0
grid,240.0000,176.0000,0,0,0
grid,256.0000,176.0000,0,0,0
grid,272.0000,176.0000,0,0,0
grid,288.0000,176.0000,0,0,0
grid,304.0000,176.0000,0,0,0
grid,320.0000,176.0000,0,0,0
grid,336.0000,176.0000,0,0,0
grid,352.0000,176.0000,6,7,138
grid,368.0000,176.0000,6,7,93
grid,384.0000,176.0000,6,7,175
grid,400.0000,176.0000,6,7,83
grid,416.0000,176.0000,6,7,154
grid,432.0000,176.0000,0,0,0
grid,448.0000,176.0000,0,0,0
grid,464.0000,176.0000,0,0,0
grid,480.0000,176.0000,0,0,0
grid,496.0000,176.0000,0,0,0
grid,512.0000,176.0000,0,0,0
grid,0.0000,192.0000,0,0,0
grid,16.0000,192.0000,0,0,0
grid,32.0000,192.0000,0,0,0
grid,48.0000,192.0000,0,0,0
grid,64.0000,192.0000,0,0,0
grid,80.0000,192.0000,2,3,0
grid,96.0000,192.0000,2,3,102
grid,112.0000,192.0000,2,3,188
grid,128.0000,192.0000,2,3,166
grid,144.0000,192.0000,2,3,73
grid,160.0000,192.0000,0,0,0
grid,176.0000,192.0000,0,0,0
grid,192.0000,192.0000,0,0,0
grid,208.0000,192.0000,0,0,0
grid,224.0000,192.0000,0,0,0
grid,240.0000,192.0000,0,0,0
grid,256.0000,192.0000,0,0,0
grid,272.0000,192.0000,0,0,0
grid,288.0000,192.0000,0,0,0
grid,304.0000,192.0000,0,0,0
grid,320.0000,192.0000,0,0,0
grid,336.0000,192.0000,0,0,0
grid,352.0000,192.0000,6,7,110
grid,368.0000,192.0000,6,7,182
grid,384.0000,192.0000,6,7,53
grid,400.0000,192.0000,6,7,197
grid,416.0000,192.0000,0,0,0
grid,432.0000,192.0000,0,0,0
grid,448.0000,192.0000,0,0,0
grid,464.0000,192.0000,0,0,0
grid,480.0000,192.0000,0,0,0
grid,496.0000,192.0000,0,0,0
grid,512.0000,192.0000,0,0,0
grid,0.0000,208.0000,0,0,0
grid,16.0000,208.0000,0,0,0
grid,32.0000,208.0000,0,0,0
grid,48.0000,208.0000,0,0,0
grid,64.0000,208.0000,0,0,0
grid,80.0000,208.0000,0,0,0
grid,96.0000,208.0000,0,0,0
grid,112.0000,208.0000,0,0,0
grid,128.0000,208.0000,0,0,0
grid,144.0000,208.0000,0,0,0
grid,160.0000,208.0000,0,0,0
grid,176.0000,208.0000,0,0,0
grid,192.0000,208.0000,0,0,0
grid,208.0000,208.0000,0,0,0
grid,224.0000,208.0000,0,0,0
grid,240.0000,208.0000,0,0,0
grid,256.0000,208.0000,0,0,0
grid,272.0000,208.0000,0,0,0
grid,288.0000,208.0000,0,0,0
grid,304.0000,208.0000,0,0,0
grid,320.0000,208.0000,0,0,0
grid,336.0000,208.0000,0,0,0
grid,352.0000,208.0000,0,0,0
grid,368.0000,208.0000,0,0,0
grid,384.0000,208.0000,0,0,0
grid,400.0000,208.0000,0,0,0
grid,416.0000,208.0000,0,0,0
grid,432.0000,208.0000,0,0,0
grid,448.0000,208.0000,0,0,0
grid,464.0000,208.0000,0,0,0
grid,480.0000,208.0000,0,0,0
grid,496.0000,208.0000,0,0,0
grid,512.0000,208.0000,0,0,0
grid,0.0000,224.0000,0,0,0
grid,16.0000,224.0000,0,0,0
grid,32.0000,224.0000,0,0,0
grid,48.0000,224.0000,0,0,0
grid,64.0000,224.0000,0,0,0
grid,80.0000,224.0000,0,0,0
grid,96.0000,224.0000,0,0,0
grid,112.0000,224.0000,0,0,0
grid,128.0000,224.0000,0,0,0
grid,144.0000,224.0000,0,0,0
grid,160.0000,224.0000,0,0,0
grid,176.0000,224.0000,0,0,0
grid,192.0000,224.0000,0,0,0
grid,208.0000,224.0000,0,0,0
grid,224.0000,224.0000,0,0,0
grid,240.0000,224.0000,0,0,0
grid,256.0000,224.0000,0,0,0
grid,272.0000,224.0000,0,0,0
grid,288.0000,224.0000,0,0,0
grid,304.0000,224.0000,0,0,0
grid,320.0000,224.0000,0,0,0
grid,336.0000,224.0000,0,0,0
grid,352.0000,224.0000,0,0,0
grid,368.0000,224.0000,0,0,0
grid,384.0000,224.0000,0,0,0
grid,400.0000,224.0000,0,0,0
grid,416.0000,224.0000,0,0,0
grid,432.0000,224.0000,0,0,0
grid,448.0000,224.0000,0,0,0
grid,464.0000,224.0000,0,0,0
grid,480.0000,224.0000,0,0,0
grid,496.0000,224.0000,0,0,0
grid,512.0000,224.0000,0,0,0
grid,0.0000,240.0000,0,0,0
grid,16.0000,240.0000,0,0,0
grid,32.0000,240.0000,0,0,0
grid,48.0000,240.0000,0,0,0
grid,64.0000,240.0000,0,0,0
grid,80.0000,240.0000,0,0,0
grid,96.0000,240.0000,0,0,0
grid,112.0000,240.0000,0,0,0
grid,128.0000,240.0000,0,0,0
grid,144.0000,240.0000,0,0,0
grid,160.0000,240.0000,0,0,0
grid,176.0000,240.0000,0,0,0
grid,192.0000,240.0000,0,0,0
grid,208.0000,240.0000,0,0,0
grid,224.0000,240.0000,0,0,0
grid,240.0000,240.0000,0,0,0
grid,256.0000,240.0000,0,0,0
grid,272.0000,240.0000,0,0,0
grid,288.0000,240.0000,0,0,0
grid,304.0000,240.0000,0,0,0
grid,320.0000,240.0000,0,0,0
grid,336.0000,240.0000,0,0,0
grid,352.0000,240.0000,0,0,0
grid,368.0000,240.0000,0,0,0
grid,384.0000,240.0000,0,0,0
grid,400.0000,240.0000,0,0,0
grid,416.0000,240.0000,0,0,0
grid,432.0000,240.0000,0,0,0
grid,448.0000,240.0000,0,0,0
grid,464.0000,240.0000,0,0,0
grid,480.0000,240.0000,0,0,0
grid,496.0000,240.0000,0,0,0
grid,512.0000,240.0000,0,0,0
grid,0.0000,256.0000,0,0,0
grid,16.0000,256.0000,0,0,0
grid,32.0000,256.0000,0,0,0
grid,48.0000,256.0000,0,0,0
grid,64.0000,256.0000,0,0,0
grid,80.0000,256.0000,0,0,0
grid,96.0000,256.0000,0,0,0
grid,112.0000,256.0000,0,0,0
grid,128.0000,256.0000,0,0,0
grid,144.0000,256.0000,0,0,0
grid,160.0000,256.0000,0,0,0
grid,176.0000,256.0000,0,0,0
grid,192.0000,256.0000,0,0,0
grid,208.0000,256.0000,0,0,0
grid,224.0000,256.0000,0,0,0
grid,240.0000,256.0000,0,0,0
grid,256.0000,256.0000,0,0,0
grid,272.0000,256.0000,0,0,0
grid,288.0000,256.0000,0,0,0
grid,304.0000,256.0000,0,0,0
grid,320.0000,256.0000,0,0,0
grid,336.0000,256.0000,0,0,0
grid,352.0000,256.0000,0,0,0
grid,368.0000,256.0000,0,0,0
grid,384.0000,256.0000,0,0,0
grid,400.0000,256.0000,0,0,0
grid,416.0000,256.0000,0,0,0
grid,432.0000,256.0000,0,0,0
grid,448.0000,256.0000,0,0,0
grid,464.0000,256.0000,0,0,0
grid,480.0000,256.0000,0,0,0
grid,496.0000,256.0000,0,0,0
grid,512.0000,256.0000,0,0,0
grid,0.0000,272.0000,0,0,0
grid,16.0000,272.0000,0,0,0
grid,32.0000,272.0000,0,0,0
grid,48.0000,272.0000,0,0,0
grid,64.0000,272.0000,0,0,0
grid,80.0000,272.0000,0,0,0
grid,96.0000,272.0000,0,0,0
grid,112.0000,272.0000,0,0,0
grid,128.0000,272.0000,0,0,0
grid,144.0000,272.0000,0,0,0
grid,160.0000,272.0000,0,0,0
grid,176.0000,272.0000,0,0,0
grid,192.0000,272.0000,0,0,0
grid,208.0000,272.0000,0,0,0
grid,224.0000,272.0000,0,0,0
grid,240.0000,272.0000,0,0,0
grid,256.0000,272.0000,0,0,0
grid,272.0000,272.0000,0,0,0
grid,288.0000,272.0000,0,0,0
grid,304.0000,272.0000,0,0,0
grid,320.0000,272.0000,0,0,0
grid,336.0000,272.0000,0,0,0
grid,352.0000,272.0000,0,0,0
grid,368.0000,272.0000,0,0,0
grid,384.0000,272.0000,0,0,0
grid,400.0000,272.0000,0,0,0
grid,416.0000,272.0000,0,0,0
grid,432.0000,272.0000,0,0,0
grid,448.0000,272.0000,0,0,0
grid,464.0000,272.0000,0,0,0
grid,480.0000,272.0000,0,0,0
grid,496.0000,272.0000,0,0,0
grid,512.0000,272.0000,0,0,0
grid,0.0000,288.0000,0,0,0
grid,16.0000,288.0000,0,0,0
grid,32.0000,288.0000,0,0,0
grid,48.0000,288.0000,0,0,0
grid,64.0000,288.0000,0,0,0
grid,80.0000,288.0000,0,0,0
grid,96.0000,288.0000,0,0,0
grid,112.0000,288.0000,0,0,0
grid,128.0000,288.0000,0,0,0
grid,144.0000,288.0000,0,0,0
grid,160.0000,288.0000,0,0,0
grid,176.0000,288.0000,0,0,0
grid,192.0000,288.0000,0,0,0
grid,208.0000,288.0000,0,0,0
grid,224.0000,288.0000,0,0,0
grid,240.0000,288.0000,0,0,0
grid,256.0000,288.0000,0,0,0
grid,272.0000,288.0000,0,0,0
grid,288.0000,288.0000,0,0,0
grid,304.0000,288.0000,0,0,0
grid,320.0000,288.0000,0,0,0
grid,336.0000,288.0000,0,0,0
grid,352.0000,288.0000,0,0,0
grid,368.0000,288.0000,0,0,0
grid,384.0000,288.0000,0,0,0
grid,400.0000,288.0000,0,0,0
grid,416.0000,288.0000,0,0,0
grid,432.0000,288.0000,0,0,0
grid,448.0000,288.0000,0,0,0
grid,464.0000,288.0000,0,0,0
grid,480.0000,288.0000,0,0,0
grid,496.0000,288.0000,0,0,0
grid,512.0000,288.0000,0,0,0
grid,0.0000,304.0000,0,0,0
grid,16.0000,304.0000,0,0,0
grid,32.0000,304.0000,0,0,0
grid,48.0000,304.0000,0,0,0
grid,64.0000,304.0000,0,0,0
grid,80.0000,304.0000,0,0,0
grid,96.0000,304.0000,0,0,0
grid,112.0000,304.0000,0,0,0
grid,128.0000,304.0000,0,0,0
grid,144.0000,304.0000,0,0,0
grid,160.0000,304.0000,0,0,0
grid,176.0000,304.0000,0,0,0
grid,192.0000,304.0000,0,0,0
grid,208.0000,304.0000,0,0,0
grid,224.0000,304.0000,0,0,0
grid,240.0000,304.0000,0,0,0
grid,256.0000,304.0000,0,0,0
grid,272.0000,304.0000,0,0,0
grid,288.0000,304.0000,0,0,0
grid,304.0000,304.0000,0,0,0
grid,320.0000,304.0000,0,0,0
grid,336.0000,304.0000,0,0,0
grid,352.0000,304.0000,0,0,0
grid,368.0000,304.0000,4,5,88
grid,384.0000,304.0000,4,5,52
grid,400.0000,304.0000,0,0,0
grid,416.0000,304.0000,0,0,0
grid,432.0000,304.0000,0,0,0
grid,448.0000,304.0000,0,0,0
grid,464.0000,304.0000,0,0,0
grid,480.0000,304.0000,0,0,0
grid,496.0000,304.0000,0,0,0
grid,512.0000,304.0000,0,0,0
grid,0.0000,320.0000,0,0,0
grid,16.0000,320.0000,0,0,0
grid,32.0000,320.0000,0,0,0
grid,48.0000,320.0000,0,0,0
grid,64.0000,320.0000,0,0,0
grid,80.0000,320.0000,0,0,0
grid,96.0000,320.0000,0,0,0
grid,112.0000,320.0000,0,1,0
grid,128.0000,320.0000,0,1,0
grid,144.0000,320.0000,0,0,0
grid,160.0000,320.0000,0,0,0
grid,176.0000,320.0000,0,0,0
grid,192.0000,320.0000,0,0,0
grid,208.0000,320.0000,0,0,0
grid,224.0000,320.0000,0,0,0
grid,240.0000,320.0000,0,0,0
grid,256.0000,320.0000,0,0,0
grid,272.0000,320.0000,0,0,0
grid,288.0000,320.0000,0,0,0
grid,304.0000,320.0000,0,0,0
grid,320.0000,320.0000,0,0,0
grid,336.0000,320.0000,0,0,0
grid,352.0000,320.0000,0,0,0
grid,368.0000,320.0000,4,5,71
grid,384.0000,320.0000,4,5,32
grid,400.0000,320.0000,4,5,23
grid,416.0000,320.0000,4,5,57
grid,432.0000,320.0000,0,0,0
grid,448.0000,320.0000,0,0,0
grid,464.0000,320.0000,0,0,0
grid,480.0000,320.0000,0,0,0
grid,496.0000,320.0000,0,0,0
grid,512.0000,320.0000,0,0,0
grid,0.0000,336.0000,0,0,0
grid,16.0000,336.0000,0,0,0
grid,32.0000,336.0000,0,0,0
grid,48.0000,336.0000,0,0,0
grid,64.0000,336.0000,0,0,0
grid,80.0000,336.0000,0,0,0
grid,96.0000,336.0000,0,1,0
grid,112.0000,336.0000,0,1,255
grid,128.0000,336.0000,0,1,255
grid,144.0000,336.0000,0,1,0
grid,160.0000,336.0000,0,0,0
grid,176.0000,336.0000,0,0,0
grid,192.0000,336.0000,0,0,0
grid,208.0000,336.0000,0,0,0
grid,224.0000,336.0000,0,0,0
grid,240.0000,336.0000,0,0,0
grid,256.0000,336.0000,0,0,0
grid,272.0000,336.0000,0,0,0
grid,288.0000,336.0000,0,0,0
grid,304.0000,336.0000,0,0,0
grid,320.0000,336.0000,0,0,0
grid,336.0000,336.0000,0,0,0
grid,352.0000,336.0000,4,5,86
grid,368.0000,336.0000,4,5,49
grid,384.0000,336.0000,4,5,21
grid,400.0000,336.0000,4,5,38
grid,416.0000,336.0000,4,5,78
grid,432.0000,336.0000,0,0,0
grid,448.0000,336.0000,0,0,0
grid,464.0000,336.0000,0,0,0
grid,480.0000,336.0000,0,0,0
grid,496.0000,336.0000,0,0,0
grid,512.0000,336.0000,0,0,0
grid,0.0000,352.0000,0,0,0
grid,16.0000,352.0000,0,0,0
grid,32.0000,352.0000,0,0,0
grid,48.0000,352.0000,0,0,0
grid,64.0000,352.0000,0,0,0
grid,80.0000,352.0000,0,1,61
grid,96.0000,352.0000,0,1,255
grid,112.0000,352.0000,0,1,255
grid,128.0000,352.0000,0,1,255
grid,144.0000,352.0000,0,1,255
grid,160.0000,352.0000,0,1,0
grid,176.0000,352.0000,0,0,0
grid,192.0000,352.0000,0,0,0
grid,208.0000,352.0000,0,0,0
grid,224.0000,352.0000,0,0,0
grid,240.0000,352.0000,0,0,0
grid,256.0000,352.0000,0,0,0
grid,272.0000,352.0000,0,0,0
grid,288.0000,352.0000,0,0,0
grid,304.0000,352.0000,0,0,0
grid,320.0000,352.0000,0,0,0
grid,336.0000,352.0000,4,5,92
grid,352.0000,352.0000,4,5,69
grid,368.0000,352.0000,4,5,30
grid,384.0000,352.0000,4,5,24
grid,400.0000,352.0000,4,5,60
grid,416.0000,352.0000,4,5,90
grid,432.0000,352.0000,4,5,78
grid,448.0000,352.0000,0,0,0
grid,464.0000,352.0000,0,0,0
grid,480.0000,352.0000,0,0,0
grid,496.0000,352.0000,0,0,0
grid,512.0000,352.0000,0,0,0
grid,0.0000,368.0000,0,0,0
grid,16.0000,368.0000,0,0,0
grid,32.0000,368.0000,0,0,0
grid,48.0000,368.0000,0,0,0
grid,64.0000,368.0000,0,1,0
grid,80.0000,368.0000,0,1,255
grid,96.0000,368.0000,0,1,255
grid,112.0000,368.0000,0,1,255
grid,128.0000,368.0000,0,1,255
grid,144.0000,368.0000,0,1,255
grid,160.0000,368.0000,0,1,234
grid,176.0000,368.0000,0,1,0
grid,192.0000,368.0000,0,0,0
grid,208.0000,368.0000,0,0,0
grid,224.0000,368.0000,0,0,0
grid,240.0000,368.0000,0,0,0
grid,256.0000,368.0000,0,0,0
grid,272.0000,368.0000,0,0,0
grid,288.0000,368.0000,0,0,0
grid,304.0000,368.0000,0,0,0
grid,320.0000,368.0000,4,5,87
grid,336.0000,368.0000,4,5,85
grid,352.0000,368.0000,4,5,46
grid,368.0000,368.0000,4,5,21
grid,384.0000,368.0000,4,5,40
grid,400.0000,368.0000,4,5,80
grid,416.0000,368.0000,4,5,89
grid,432.0000,368.0000,4,5,56
grid,448.0000,368.0000,0,0,0
grid,464.0000,368.0000,0,0,0
grid,480.0000,368.0000,0,0,0
grid,496.0000,368.0000,0,0,0
grid,512.0000,368.0000,0,0,0
grid,0.0000,384.0000,0,0,0
grid,16.0000,384.0000,0,0,0
grid,32.0000,384.0000,0,0,0
grid,48.0000,384.0000,0,0,0
grid,64.0000,384.0000,0,1,0
grid,80.0000,384.0000,0,1,220
grid,96.0000,384.0000,0,1,205
grid,112.0000,384.0000,0,1,255
grid,128.0000,384.0000,0,1,255
grid,144.0000,384.0000,0,1,255
grid,160.0000,384.0000,0,1,255
grid,176.0000,384.0000,0,1,254
grid,192.0000,384.0000,0,1,0
grid,208.0000,384.0000,0,0,0
grid,224.0000,384.0000,0,0,0
grid,240.0000,384.0000,0,0,0
grid,256.0000,384.0000,0,0,0
grid,272.0000,384.0000,0,0,0
grid,288.0000,384.0000,0,0,0
grid,304.0000,384.0000,0,0,0
grid,320.0000,384.0000,4,5,92
grid,336.0000,384.0000,4,5,66
grid,352.0000,384.0000,4,5,28
grid,368.0000,384.0000,4,5,26
grid,384.0000,384.0000,4,5,62
grid,400.0000,384.0000,4,5,91
grid,416.0000,384.0000,4,5,75
grid,432.0000,384.0000,4,5,35
grid,448.0000,384.0000,0,0,0
grid,464.0000,384.0000,0,0,0
grid,480.0000,384.0000,0,0,0
grid,496.0000,384.0000,0,0,0
grid,512.0000,384.0000,0,0,0
grid,0.0000,400.0000,0,0,0
grid,16.0000,400.0000,0,0,0
grid,32.0000,400.0000,0,0,0
grid,48.0000,400.0000,0,0,0
grid,64.0000,400.0000,0,1,149
grid,80.0000,400.0000,0,1,0
grid,96.0000,400.0000,0,1,0
grid,112.0000,400.0000,0,1,254
grid,128.0000,400.0000,0,1,255
grid,144.0000,400.0000,0,1,255
grid,160.0000,400.0000,0,1,255
grid,176.0000,400.0000,0,1,255
grid,192.0000,400.0000,0,1,0
grid,208.0000,400.0000,0,0,0
grid,224.0000,400.0000,0,0,0
grid,240.0000,400.0000,0,0,0
grid,256.0000,400.0000,0,0,0
grid,272.0000,400.0000,0,0,0
grid,288.0000,400.0000,0,0,0
grid,304.0000,400.0000,0,0,0
grid,320.0000,400.0000,4,5,83
grid,336.0000,400.0000,4,5,44
grid,352.0000,400.0000,4,5,20
grid,368.0000,400.0000,4,5,43
grid,384.0000,400.0000,4,5,82
grid,400.0000,400.0000,4,5,88
grid,416.0000,400.0000,4,5,53
grid,432.0000,400.0000,4,5,22
grid,448.0000,400.0000,0,0,0
grid,464.0000,400.0000,0,0,0
grid,480.0000,400.0000,0,0,0
grid,496.0000,400.0000,0,0,0
grid,512.0000,400.0000,0,0,0
grid,0.0000,416.0000,0,0,0
grid,16.0000,416.0000,0,0,0
grid,32.0000,416.0000,0,0,0
grid,48.0000,416.0000,0,0,0
grid,64.0000,416.0000,0,1,183
grid,80.0000,416.0000,0,1,26
grid,96.0000,416.0000,0,1,15
grid,112.0000,416.0000,0,1,254
grid,128.0000,416.0000,0,1,255
grid,144.0000,416.0000,0,1,255
grid,160.0000,416.0000,0,1,255
grid,176.0000,416.0000,0,1,96
grid,192.0000,416.0000,0,0,0
grid,208.0000,416.0000,0,0,0
grid,224.0000,416.0000,0,0,0
grid,240.0000,416.0000,0,0,0
grid,256.0000,416.0000,0,0,0
grid,272.0000,416.0000,0,0,0
grid,288.0000,416.0000,0,0,0
grid,304.0000,416.0000,0,0,0
grid,320.0000,416.0000,0,0,0
grid,336.0000,416.0000,4,5,26
grid,352.0000,416.0000,4,5,27
grid,368.0000,416.0000,4,5,65
grid,384.0000,416.0000,4,5,92
grid,400.0000,416.0000,4,5,73
grid,416.0000,416.0000,4,5,33
grid,432.0000,416.0000,4,5,23
grid,448.0000,416.0000,0,0,0
grid,464.0000,416.0000,0,0,0
grid,480.0000,416.0000,0,0,0
grid,496.0000,416.0000,0,0,0
grid,512.0000,416.0000,0,0,0
grid,0.0000,432.0000,0,0,0
grid,16.0000,432.0000,0,0,0
grid,32.0000,432.0000,0,0,0
grid,48.0000,432.0000,0,0,0
grid,64.0000,432.0000,0,1,0
grid,80.0000,432.0000,0,1,115
grid,96.0000,432.0000,0,1,188
grid,112.0000,432.0000,0,1,246
grid,128.0000,432.0000,0,1,255
grid,144.0000,432.0000,0,1,226
grid,160.0000,432.0000,0,1,0
grid,176.0000,432.0000,0,0,0
grid,192.0000,432.0000,0,0,0
grid,208.0000,432.0000,0,0,0
grid,224.0000,432.0000,0,0,0
grid,240.0000,432.0000,0,0,0
grid,256.0000,432.0000,0,0,0
grid,272.0000,432.0000,0,0,0
grid,288.0000,432.0000,0,0,0
grid,304.0000,432.0000,0,0,0
grid,320.0000,432.0000,0,0,0
grid,336.0000,432.0000,0,0,0
grid,352.0000,432.0000,4,5,45
grid,368.0000,432.0000,4,5,84
grid,384.0000,432.0000,4,5,87
grid,400.0000,432.0000,4,5,51
grid,416.0000,432.0000,4,5,21
grid,432.0000,432.0000,0,0,0
grid,448.0000,432.0000,0,0,0
grid,464.0000,432.0000,0,0,0
grid,480.0000,432.0000,0,0,0
grid,496.0000,432.0000,0,0,0
grid,512.0000,432.0000,0,0,0
grid,0.0000,448.0000,0,0,0
grid,16.0000,448.0000,0,0,0
grid,32.0000,448.0000,0,0,0
grid,48.0000,448.0000,0,0,0
grid,64.0000,448.0000,0,0,0
grid,80.0000,448.0000,0,0,0
grid,96.0000,448.0000,0,0,0
grid,112.0000,448.0000,0,0,0
grid,128.0000,448.0000,0,0,0
grid,144.0000,448.0000,0,0,0
grid,160.0000,448.0000,0,0,0
grid,176.0000,448.0000,0,0,0
grid,192.0000,448.0000,0,0,0
grid,208.0000,448.0000,0,0,0
grid,224.0000,448.0000,0,0,0
grid,240.0000,448.0000,0,0,0
grid,256.0000,448.0000,0,0,0
grid,272.0000,448.0000,0,0,0
grid,288.0000,448.0000,0,0,0
grid,304.0000,448.0000,0,0,0
grid,320.0000,448.0000,0,0,0
grid,336.0000,448.0000,0,0,0
grid,352.0000,448.0000,4,5,68
grid,368.0000,448.0000,4,5,92
grid,384.0000,448.0000,4,5,70
grid,400.0000,448.0000,4,5,31
grid,416.0000,448.0000,0,0,0
grid,432.0000,448.0000,0,0,0
grid,448.0000,448.0000,0,0,0
grid,464.0000,448.0000,0,0,0
grid,480.0000,448.0000,0,0,0
grid,496.0000,448.0000,0,0,0
grid,512.0000,448.0000,0,0,0
grid,0.0000,464.0000,0,0,0
grid,16.0000,464.0000,0,0,0
grid,32.0000,464.0000,0,0,0
grid,48.0000,464.0000,0,0,0
grid,64.0000,464.0000,0,0,0
grid,80.0000,464.0000,0,0,0
grid,96.0000,464.0000,0,0,0
grid,112.0000,464.0000,0,0,0
grid,128.0000,464.0000,0,0,0
grid,144.0000,464.0000,0,0,0
grid,160.0000,464.0000,0,0,0
grid,176.0000,464.0000,0,0,0
grid,192.0000,464.0000,0,0,0
grid,208.0000,464.0000,0,0,0
grid,224.0000,464.0000,0,0,0
grid,240.0000,464.0000,0,0,0
grid,256.0000,464.0000,0,0,0
grid,272.0000,464.0000,0,0,0
grid,288.0000,464.0000,0,0,0
grid,304.0000,464.0000,0,0,0
grid,320.0000,464.0000,0,0,0
grid,336.0000,464.0000,0,0,0
grid,352.0000,464.0000,0,0,0
grid,368.0000,464.0000,4,5,85
grid,384.0000,464.0000,4,5,48
grid,400.0000,464.0000,0,0,0
grid,416.0000,464.0000,0,0,0
grid,432.0000,464.0000,0,0,0
grid,448.0000,464.0000,0,0,0
grid,464.0000,464.0000,0,0,0
grid,480.0000,464.0000,0,0,0
grid,496.0000,464.0000,0,0,0
grid,512.0000,464.0000,0,0,0
grid,0.0000,480.0000,0,0,0
grid,16.0000,480.0000,0,0,0
grid,32.0000,480.0000,0,0,0
grid,48.0000,480.0000,0,0,0
grid,64.0000,480.0000,0,0,0
grid,80.0000,480.0000,0,0,0
grid,96.0000,480.0000,0,0,0
grid,112.0000,480.0000,0,0,0
grid,128.0000,480.0000,0,0,0
grid,144.0000,480.0000,0,0,0
grid,160.0000,480.0000,0,0,0
grid,176.0000,480.0000,0,0,0
grid,192.0000,480.0000,0,0,0
grid,208.0000,480.0000,0,0,0
grid,224.0000,480.0000,0,0,0
grid,240.0000,480.0000,0,0,0
grid,256.0000,480.0000,0,0,0
grid,272.0000,480.0000,0,0,0
grid,288.0000,480.0000,0,0,0
grid,304.0000,480.0000,0,0,0
grid,320.0000,480.0000,0,0,0
grid,336.0000,480.0000,0,0,0
grid,352.0000,480.0000,0,0,0
grid,368.0000,480.0000,0,0,0
grid,384.0000,480.0000,0,0,0
grid,400.0000,480.0000,0,0,0
grid,416.0000,480.0000,0,0,0
grid,432.0000,480.0000,0,0,0
grid,448.0000,480.0000,0,0,0
grid,464.0000,480.0000,0,0,0
grid,480.0000,480.0000,0,0,0
grid,496.0000,480.0000,0,0,0
grid,512.0000,480.0000,0,0,0
grid,0.0000,496.0000,0,0,0
grid,16.0000,496.0000,0,0,0
grid,32.0000,496.0000,0,0,0
grid,48.0000,496.0000,0,0,0
grid,64.0000,496.0000,0,0,0
grid,80.0000,496.0000,0,0,0
grid,96.0000,496.0000,0,0,0
grid,112.0000,496.0000,0,0,0
grid,128.0000,496.0000,0,0,0
grid,144.0000,496.0000,0,0,0
grid,160.0000,496.0000,0,0,0
grid,176.0000,496.0000,0,0,0
grid,192.0000,496.0000,0,0,0
grid,208.0000,496.0000,0,0,0
grid,224.0000,496.0000,0,0,0
grid,240.0000,496.0000,0,0,0
grid,256.0000,496.0000,0,0,0
grid,272.0000,496.0000,0,0,0
grid,288.0000,496.0000,0,0,0
grid,304.0000,496.0000,0,0,0
grid,320.0000,496.0000,0,0,0
grid,336.0000,496.0000,0,0,0
grid,352.0000,496.0000,0,0,0
grid,368.0000,496.0000,0,0,0
grid,384.0000,496.0000,0,0,0
grid,400.0000,496.0000,0,0,0
grid,416.0000,496.0000,0,0,0
grid,432.0000,496.0000,0,0,0
grid,448.0000,496.0000,0,0,0
grid,464.0000,496.0000,0,0,0
grid,480.0000,496.0000,0,0,0
grid,496.0000,496.0000,0,0,0
grid,512.0000,496.0000,0,0,0
grid,0.0000,512.0000,0,0,0
grid,16.0000,512.0000,0,0,0
grid,32.0000,512.0000,0,0,0
grid,48.0000,512.0000,0,0,0
grid,64.0000,512.0000,0,0,0
grid,80.0000,512.0000,0,0,0
grid,96.0000,512.0000,0,0,0
grid,112.0000,512.0000,0,0,0
grid,128.0000,512.0000,0,0,0
grid,144.0000,512.0000,0,0,0
grid,160.0000,512.0000,0,0,0
grid,176.0000,512.0000,0,0,0
grid,192.0000,512.0000,0,0,0
grid,208.0000,512.0000,0,0,0
grid,224.0000,512.0000,0,0,0
grid,240.0000,512.0000,0,0,0
grid,256.0000,512.0000,0,0,0
grid,272.0000,512.0000,0,0,0
grid,288.0000,512.0000,0,0,0
grid,304.0000,512.0000,0,0,0
grid,320.0000,512.0000,0,0,0
grid,336.0000,512.0000,0,0,0
grid,352.0000,512.0000,0,0,0
grid,368.0000,512.0000,0,0,0
grid,384.0000,512.0000,0,0,0
grid,400.0000,512.0000,0,0,0
grid,416.0000,512.0000,0,0,0
grid,432.0000,512.0000,0,0,0
grid,448.0000,512.0000,0,0,0
grid,464.0000,512.0000,0,0,0
grid,480.0000,512.0000,0,0,0
grid,496.0000,512.0000,0,0,0
grid,512.0000,512.0000,0,0,0
